shotzbydrip,
poupeemimistar,
juicy.bunz,
kristline__,
sonia_barbie,
circusfaery33,
shibuya_kaho,
dayana_busty15,
kikry1,
kiky_live1,
thelargestbrasize,
yourminiloona,
woesenpai69,
ladulcecitamami,
yinyleonofficial_,
jackie_852,
emilylittless,
jasminenei11,
sophie.jane96,
carlamorelli7,
kathryn.celestre,
saabsilvi,
realestcece,
my.of.is.averyabara,
6averyabara9,
harunahanadekirukana,
22kimmyyang,
foodsciencebabe,
rahyndee,
lunabends,
lisettrey,
princesssofia13th2,
sincerelypisces,
onlyemmmy,
onlyevesophiee,
pearlwats,
girlzhavemorefun,
alejandracriscuolo.22,
alessandraof7,
izzg__,
ellietheempress,
lifeaffirmingnectar,
_mommymewtwo,
lilyllyn_,
lisettrey,
softperlig,
strawberrymilkerss,
tallyberryyy,
melaninqueen833,
milaababyy143,
miss_sawadodo,
mzkora,
temptress119,
the_real_honeyd,
annarennsworld,
raquelmartinphd,
korpobrownskin,
alvine_n,
